{
  "text": " What's up guys, you're back with the Sigma web development course. I'm really very happy that you guys have given so much love to this course. Like this course with high energy guys. Because Sigma is...",
  "segments": [
    {
      "id": 0,
      "seek": 0,
      "start": 0.0,
      "end": 3.72,
      "text": " What's up guys, you're back with the Sigma web development course.",
      "tokens": [
        50364, 708, 311, 493, 1074, 11, 291, 434, 646, 365, 264, 36595, 3670,
        3250, 1164, 13, 50550
      ],
      "temperature": 0.0,
      "avg_logprob": -0.7799517073721256,
      "compression_ratio": 1.4125874125874125,
      "no_speech_prob": 0.1197548657655716
    },
    {
      "id": 1,
      "seek": 0,
      "start": 3.72,
      "end": 7.36,
      "text": " I'm really very happy that you guys have given so much love to this course.",
      "tokens": [
        50550, 286, 478, 534, 588, 2055, 300, 291, 1074, 362, 2212, 370, 709,
        959, 281, 341, 1164, 13, 50732
      ],
      "temperature": 0.0,
      "avg_logprob": -0.7799517073721256,
      "compression_ratio": 1.4125874125874125,
      "no_speech_prob": 0.1197548657655716
    },
    {
      "id": 2,
      "seek": 0,
      "start": 7.36,
      "end": 9.36,
      "text": " Like this course with high energy guys.",
      "tokens": [50732, 1743, 341, 1164, 365, 1090, 2281, 1074, 13, 50832],
      "temperature": 0.0,
      "avg_logprob": -0.7799517073721256,
      "compression_ratio": 1.4125874125874125,
      "no_speech_prob": 0.1197548657655716
    },
    {
      "id": 3,
      "seek": 0,
      "start": 9.36,
      "end": 11.36,
      "text": " Because Sigma is...",
      "tokens": [50832, 1436, 36595, 307, 485, 50932],
      "temperature": 0.0,
      "avg_logprob": -0.7799517073721256,
      "compression_ratio": 1.4125874125874125,
      "no_speech_prob": 0.1197548657655716
    }
  ],
  "language": "hi"
}
